id,name,ai_title,ai_description
5,"24/25 YONEX SYMARC,THRUST, SYMARC MG","YONEX 24/25 SYMARC/THRUST/SYMARC MG 高端滑雪板","**【商品信息】**
全新24/25雪季 YONEX 硬板系列到货，现货或可预订，包含备受追捧的SYMARC、THRUST以及SYMARC MG型号。YONEX作为滑雪界的顶级品牌，其雪板以精湛工艺和卓越性能闻名，本次带来的是最新雪季的经典款式。

**【商品特点】**
这几款板子都是YONEX专为追求极致刻滑体验的雪友精心打造。它们普遍采用先进的碳素结构和独特的板型设计，提供无与伦比的稳定性、超强的抓边能力和迅猛的回弹力。SYMARC以精准流畅的操控性著称，THRUST则在高速表现和爆发力上更胜一筹，SYMARC MG则在保持高性能的同时，可能在轻量化或震动吸收方面有进一步优化，让你在每一次转弯都能感受到人板合一的畅快。

**【适合人群】**
这款雪板非常适合已经掌握中高级刻滑技巧，并渴望进一步提升个人表现的雪友。如果你热爱在雪道上风驰电掣，享受精准控制雪板的乐趣，追求极致的雕刻弧线，那么YONEX SYMARC、THRUST或SYMARC MG无疑是你提升滑雪境界的理想选择。不建议初学者入手。

**【下单说明】**
不同型号和尺寸库存实时同步，下单前请务必与我确认所需款式及尺码，以便核实是否有现货或预订周期。商品均为正品保证，因贵重物品特殊性，非质量问题不退不换。顺丰包邮，支持同城自提。"
4,"24/25 BURTON CUSTOM X 150~162Wide","24/25 BURTON CUSTOM X 150-162宽版滑雪板可选","【商品信息】
全新24/25雪季 BURTON CUSTOM X 雪板。作为Burton旗下经典的高性能全能型雪板，它以卓越的性能和操控性著称。提供150cm至162cm多种宽版（Wide）尺寸可选，满足不同身高和脚码雪友的需求。

【商品特点】
Burton Custom X是专为追求极致速度和精准操控的雪友设计的。它拥有更硬的弹性（Flex）和更强的支撑力，确保在高速滑行和刻滑时提供稳定可靠的表现。精准的板刃响应让你在任何雪况下都能轻松驾驭，体验流畅的转向和爆发力。宽版设计则能有效解决大脚码雪友的拖脚问题，让你的滑行更加顺畅无忧。

【适合人群】
这款雪板非常适合中高级及以上水平的雪友，特别是那些对雪板性能有较高要求，喜欢高速冲刺、精准刻滑和挑战各类地形的玩家。如果你追求每一次滑行都能感受到力量与控制的完美结合，Custom X无疑是你的理想选择。同时，宽版设计也特别适合鞋码偏大（例如EU44/US11及以上）的雪友。

【下单说明】
商品为全新正品，非二手。**库存实时同步，下单前可先确认**您需要的尺寸是否有货。由于雪季临近，热门尺寸库存变动较快，建议尽早咨询确认。欢迎对细节有疑问的雪友私聊，我们会尽快回复。"
3,"& PLAYBOY&DIMITO GUILTY PLEASURE 150,153","PLAYBOY DIMITO GUILTY PLEASURE 雪板 150","【商品信息】
大家好，这次上架的是PLAYBOY&DIMITO联名款的GUILTY PLEASURE单板滑雪板。这款板型名称是“GUILTY PLEASURE”，目前有150cm和153cm两种尺寸可选。作为潮流品牌跨界合作款，板子设计独特，品相和性能都非常不错，是雪场上吸睛又实用的好选择。

【商品特点】
这款联名雪板在设计上融合了PLAYBOY的经典潮流元素和DIMITO的专业制板技术，颜值与实力并存。GUILTY PLEASURE的命名也寓意着它能带给你“罪恶”的滑雪快感。板子整体性能均衡，操控感良好，适合全山地自由滑行，无论是畅滑雪道、林间穿梭还是偶尔进公园玩两下，都能轻松驾驭，让你享受纯粹的滑雪乐趣。

【适合人群】
这款板子特别适合：
*   追求个性、喜欢潮流联名款设计的滑雪爱好者，希望在雪场上展现独特风格。
*   寻求一块性能均衡、可玩性高，能轻松应对各种雪场地形的雪友。
*   从新手进阶到中级水平，或是想添置一块有颜值、有乐趣的玩乐板的老手。

【下单说明】
所有商品均为实拍，成色已在图片中尽量展现，如有疑问或需更多细节图/视频，请随时私信咨询。因是闲置物品，非质量问题，售出后不退不换，请理解并谨慎下单。库存实时同步，下单前请务必先与我确认您需要的150cm或153cm尺寸是否还有货。支持上海地区自提，外地可顺丰到付，运费由买家承担。"
2,"& PLAYBOY&DIMITO GUILTY PLEASURE 156","PLAYBOY DIMITO联名 GUILTY PLEASURE 156 单板滑雪板","【商品信息】
这是一块PLAYBOY和DIMITO联名款GUILTY PLEASURE系列单板滑雪板，板长156cm。这款合作款兼具时尚潮流元素与滑雪专业性能，是雪场上不容错过的个性之选。

【商品特点】
板面设计融合了PLAYBOY的经典标识与DIMITO的街头运动风格，视觉效果独特，吸睛度高。156cm的板长设计，使其在多种雪况下都拥有不错的操控性与稳定性，无论是雪道刻滑还是尝试公园地形，都能提供流畅的滑行体验。

【适合人群】
适合追求个性化装备的滑雪爱好者、潮牌联名款收藏家，以及希望在雪场上展现独特品味的雪友。尤其适合中级滑雪者，对身高在170-180cm左右的滑手来说，156cm是一个非常通用且舒适的长度选择。

【下单说明】
物品具体状态请参考图片和描述。如有任何疑问，欢迎随时私信咨询。库存实时同步，下单前可先确认。"
1,"& PLAYBOY&DIMITO GUILTY PLEASURE 156","花花公子 Dimito Guilty Pleasure 156 单板","【商品信息】
这是PLAYBOY和DIMITO联名款的GUILTY PLEASURE系列单板，板长156cm。

【商品特点】
这款板子是PLAYBOY和DIMITO的特别联名款，设计上估计很有特点，颜值应该不错。156cm的长度，对于大部分雪友来说，无论是刷道还是偶尔玩玩地形，都能很好驾驭，玩起来应该很顺手，像名字“GUILTY PLEASURE”一样，能带来愉快的滑雪体验。

【适合人群】
适合喜欢潮流设计的雪友，无论是初学者进阶，还是有一定经验想入手一块风格独特、上手轻松的板子，这款都会是个不错的选择。如果你是PLAYBOY或DIMITO的粉丝，或者纯粹喜欢独特联名款的玩家，就更不能错过了。

【下单说明】
库存实时同步，下单前可先确认。关于板子细节或其他问题，欢迎随时私信我。"
